<?xml version="1.0" encoding="UTF-8"?>
<beans xmlns="http://www.springframework.org/schema/beans"
       xmlns:xsi="http://www.w3.org/2001/XMLSchema-instance"
       xmlns:context="http://www.springframework.org/schema/context"
       xmlns:mvc="http://www.springframework.org/schema/mvc"
       xsi:schemaLocation="http://www.springframework.org/schema/beans
                           http://www.springframework.org/schema/beans/spring-beans.xsd
                           http://www.springframework.org/schema/mvc
                           http://www.springframework.org/schema/mvc/spring-mvc.xsd
                           http://www.springframework.org/schema/context
                           http://www.springframework.org/schema/context/spring-context.xsd ">

    <mvc:annotation-driven />
    <context:component-scan base-package="ProductsController" />
    <context:annotation-config></context:annotation-config>

    <bean class="org.springframework.web.servlet.view.InternalResourceViewResolver">
        <property name="viewClass" value="org.springframework.web.servlet.view.JstlView"/>
        <property name="prefix" value="/WEB-INF/views/" />
        <property name="suffix" value=".jsp" />
    </bean>
    
    <!-- Configure the ProductDAO bean -->
    <bean id="productDAO" class="ProductsDAO.ProductDAO" />
    <bean id="catDAO" class="ProductsDAO.CategoryDAO" />

    <!-- Configure the ProductService bean -->
    <bean id="productService" class="ProductsService.ProductService">
        <constructor-arg ref="productDAO" />
    </bean>
    <bean id="catService" class="ProductsService.CategoryService">
        <constructor-arg ref="catDAO" />
    </bean>
    
</beans>
